<?xml version="1.0" encoding="UTF-8"?>
<root>
  <item name="com.shawnlin.numberpicker.NumberPicker void setOrientation(int) 0">
    <annotation name="android.support.annotation.IntDef">
      <val name="value" val="{com.shawnlin.numberpicker.NumberPicker.VERTICAL, com.shawnlin.numberpicker.NumberPicker.HORIZONTAL}" />
    </annotation>
  </item>
  <item name="com.shawnlin.numberpicker.NumberPicker.Orientation">
    <annotation name="android.support.annotation.IntDef">
      <val name="value" val="{com.shawnlin.numberpicker.NumberPicker.VERTICAL, com.shawnlin.numberpicker.NumberPicker.HORIZONTAL}" />
    </annotation>
  </item>
</root>

